Клики по элементам конечной заставки,Показы элементов конечной заставки,Показы тизеров,Постоянные зрители,Новые зрители,Среднее число просмотров одним пользователем,Уникальные зрители,Средний процент просмотра (%),Отказались от подписки,Новые подписчики,Новые комментарии,Поделились,"Отметки ""Не нравится""","Отметки ""Нравится""",Просмотры,Время просмотра (часы),Показы,CTR для значков видео (%),Доля подписок
9.0,792.0,54.0,325.0,1100.0,1.2833,1465.0,23.93,1.0,8.0,1.0,17.0,4.0,40.0,1880.0,90.9871,8889.0,14.77,Высокая
7.0,467.0,56.0,211.0,585.0,1.2736,815.0,28.95,0.0,6.0,1.0,10.0,2.0,12.0,1038.0,49.8394,3114.0,15.7,Высокая
8.0,372.0,27.0,138.0,726.0,1.1998,876.0,21.47,0.0,3.0,0.0,7.0,0.0,10.0,1051.0,41.9261,3272.0,18.12,Высокая
1.0,121.0,15.0,195.0,511.0,1.3243,740.0,10.13,0.0,1.0,0.0,8.0,2.0,8.0,980.0,38.4302,4192.0,13.62,Высокая
1.0,165.0,24.0,181.0,307.0,1.2854,508.0,25.59,0.0,0.0,1.0,5.0,0.0,12.0,653.0,37.778,2002.0,10.39,Низкая
3.0,227.0,41.0,132.0,669.0,1.1716,810.0,18.97,0.0,9.0,1.0,11.0,1.0,16.0,949.0,31.6467,5698.0,11.65,Высокая
5.0,460.0,34.0,169.0,186.0,1.6592,355.0,29.14,0.0,8.0,0.0,16.0,1.0,8.0,589.0,29.516,690.0,9.86,Высокая
3.0,341.0,39.0,178.0,148.0,1.2925,335.0,39.7,0.0,0.0,0.0,3.0,0.0,12.0,433.0,28.5102,1560.0,8.85,Низкая
5.0,265.0,34.0,338.0,297.0,1.3693,639.0,20.36,0.0,2.0,0.0,4.0,1.0,15.0,875.0,28.2041,3030.0,11.72,Высокая
0.0,227.0,13.0,181.0,221.0,1.3102,403.0,26.52,0.0,1.0,0.0,7.0,0.0,11.0,528.0,27.9242,3519.0,10.29,Высокая
0.0,168.0,16.0,201.0,311.0,1.2263,517.0,20.22,0.0,3.0,0.0,2.0,1.0,15.0,634.0,27.6663,6469.0,6.42,Высокая
2.0,214.0,35.0,259.0,266.0,1.2431,543.0,21.83,0.0,1.0,0.0,5.0,1.0,10.0,675.0,27.381,3957.0,12.51,Высокая
3.0,475.0,27.0,139.0,581.0,1.2428,733.0,32.86,0.0,1.0,1.0,8.0,1.0,13.0,911.0,27.2742,2098.0,19.73,Высокая
2.0,449.0,33.0,159.0,631.0,1.2525,796.0,28.56,0.0,2.0,2.0,11.0,1.0,12.0,997.0,27.2124,2574.0,17.13,Высокая
2.0,218.0,9.0,146.0,18.0,1.6084,166.0,38.63,0.0,1.0,0.0,2.0,0.0,5.0,267.0,25.8153,642.0,3.58,Высокая
1.0,229.0,28.0,152.0,20.0,1.4068,177.0,50.07,0.0,1.0,0.0,1.0,0.0,3.0,249.0,23.8951,702.0,6.27,Высокая
1.0,289.0,28.0,166.0,112.0,1.3536,280.0,42.73,0.0,0.0,1.0,4.0,0.0,3.0,379.0,23.5698,1307.0,8.26,Низкая
2.0,130.0,32.0,175.0,250.0,1.2023,435.0,18.41,0.0,1.0,0.0,5.0,1.0,6.0,523.0,22.7076,3896.0,8.37,Высокая
1.0,129.0,15.0,118.0,39.0,1.4063,160.0,43.9,0.0,0.0,0.0,1.0,0.0,4.0,225.0,22.1431,924.0,6.93,Низкая
3.0,190.0,14.0,147.0,5.0,1.4452,155.0,47.31,0.0,0.0,0.0,0.0,0.0,4.0,224.0,21.5485,523.0,4.02,Низкая
1.0,273.0,26.0,163.0,231.0,1.2184,403.0,32.84,0.0,0.0,0.0,5.0,0.0,7.0,491.0,20.6921,1762.0,11.18,Низкая
4.0,240.0,18.0,188.0,45.0,1.3678,242.0,47.14,0.0,2.0,0.0,2.0,0.0,4.0,331.0,20.3725,1299.0,6.7,Высокая
1.0,161.0,14.0,147.0,8.0,1.443,158.0,49.7,0.0,0.0,0.0,2.0,0.0,2.0,228.0,20.3649,776.0,5.41,Низкая
3.0,263.0,27.0,158.0,98.0,1.3423,260.0,45.07,0.0,2.0,0.0,1.0,2.0,4.0,349.0,19.7486,1304.0,9.97,Высокая
2.0,318.0,30.0,162.0,14.0,1.3989,178.0,52.6,0.0,1.0,0.0,1.0,0.0,5.0,249.0,19.1,803.0,5.6,Высокая
1.0,249.0,31.0,184.0,123.0,1.3302,315.0,35.62,0.0,4.0,1.0,1.0,1.0,12.0,419.0,18.8646,2259.0,8.1,Высокая
1.0,137.0,22.0,126.0,152.0,1.1942,278.0,26.08,1.0,5.0,1.0,0.0,1.0,6.0,332.0,18.6904,1582.0,12.33,Высокая
7.0,291.0,15.0,87.0,310.0,1.2711,402.0,26.48,0.0,5.0,1.0,2.0,0.0,5.0,511.0,18.6783,1979.0,16.52,Высокая
2.0,246.0,24.0,152.0,12.0,1.4545,165.0,46.19,0.0,2.0,0.0,0.0,0.0,5.0,240.0,18.384,726.0,6.2,Высокая
0.0,201.0,9.0,165.0,107.0,1.2527,281.0,31.18,0.0,3.0,0.0,6.0,0.0,8.0,352.0,18.2022,2453.0,8.72,Высокая
0.0,124.0,10.0,158.0,97.0,1.327,263.0,19.68,0.0,2.0,0.0,2.0,0.0,2.0,349.0,16.964,2133.0,6.7,Высокая
3.0,174.0,21.0,115.0,180.0,1.2425,301.0,26.35,0.0,5.0,0.0,4.0,1.0,6.0,374.0,16.7789,3435.0,8.01,Высокая
2.0,149.0,6.0,93.0,163.0,1.1673,263.0,35.87,0.0,1.0,0.0,2.0,0.0,7.0,307.0,16.7322,1374.0,12.81,Высокая
3.0,269.0,18.0,176.0,148.0,1.1886,334.0,39.33,0.0,0.0,0.0,2.0,0.0,6.0,397.0,16.1342,1579.0,9.18,Низкая
0.0,148.0,10.0,114.0,8.0,1.3145,124.0,52.27,0.0,0.0,0.0,0.0,0.0,4.0,163.0,15.8331,465.0,5.16,Низкая
0.0,140.0,10.0,108.0,2.0,1.2455,110.0,50.45,0.0,0.0,0.0,0.0,0.0,4.0,137.0,15.1874,401.0,4.24,Низкая
2.0,246.0,20.0,203.0,151.0,1.3454,359.0,30.98,0.0,2.0,0.0,2.0,0.0,12.0,483.0,14.9234,2253.0,7.68,Высокая
2.0,201.0,21.0,226.0,111.0,1.2743,339.0,29.43,0.0,0.0,0.0,3.0,0.0,8.0,432.0,14.726,2580.0,6.98,Низкая
3.0,159.0,4.0,99.0,115.0,1.5321,218.0,27.1,0.0,1.0,0.0,3.0,0.0,6.0,334.0,14.1281,1058.0,6.9,Высокая
1.0,149.0,30.0,187.0,150.0,1.3538,342.0,20.87,0.0,3.0,0.0,2.0,0.0,7.0,463.0,14.1217,1745.0,7.62,Высокая
1.0,221.0,18.0,155.0,197.0,1.2598,358.0,16.98,0.0,0.0,0.0,5.0,0.0,7.0,451.0,13.808,3011.0,10.53,Низкая
1.0,201.0,5.0,139.0,22.0,1.3519,162.0,45.37,0.0,0.0,0.0,0.0,0.0,3.0,219.0,13.4685,629.0,4.93,Низкая
2.0,82.0,5.0,112.0,75.0,1.3057,193.0,22.63,0.0,1.0,0.0,4.0,0.0,8.0,252.0,13.4488,2037.0,8.1,Высокая
1.0,125.0,15.0,121.0,116.0,1.2231,242.0,25.17,0.0,2.0,0.0,3.0,1.0,6.0,296.0,13.099,2249.0,10.0,Высокая
0.0,114.0,11.0,135.0,31.0,1.6391,169.0,24.55,0.0,1.0,0.0,1.0,0.0,6.0,277.0,13.0717,800.0,6.13,Высокая
2.0,114.0,1.0,145.0,78.0,1.3094,223.0,24.11,0.0,1.0,0.0,8.0,1.0,6.0,292.0,12.2225,1782.0,8.31,Высокая
2.0,229.0,25.0,167.0,197.0,1.2784,370.0,24.35,1.0,2.0,0.0,1.0,0.0,9.0,473.0,11.8066,2121.0,12.02,Высокая
0.0,140.0,13.0,188.0,142.0,1.3245,339.0,22.17,0.0,2.0,0.0,2.0,0.0,3.0,449.0,10.7,1759.0,11.43,Высокая
1.0,105.0,16.0,102.0,104.0,1.3175,211.0,26.06,0.0,1.0,0.0,3.0,1.0,4.0,278.0,10.4848,1821.0,9.99,Высокая
2.0,117.0,8.0,66.0,230.0,1.2013,313.0,15.95,0.0,2.0,0.0,5.0,0.0,4.0,376.0,10.3423,2058.0,15.4,Высокая
0.0,128.0,13.0,99.0,24.0,1.4032,124.0,45.39,0.0,1.0,0.0,2.0,0.0,1.0,174.0,10.2233,338.0,7.4,Высокая
1.0,89.0,8.0,121.0,119.0,1.1878,245.0,18.48,0.0,1.0,0.0,0.0,0.0,1.0,291.0,10.0815,2458.0,7.69,Высокая
3.0,223.0,4.0,140.0,65.0,1.4787,211.0,26.73,0.0,1.0,1.0,3.0,0.0,3.0,312.0,9.7301,1354.0,8.71,Высокая
1.0,249.0,27.0,129.0,10.0,1.3094,139.0,61.57,0.0,0.0,0.0,3.0,0.0,5.0,182.0,9.5878,863.0,6.37,Низкая
0.0,116.0,3.0,71.0,67.0,1.2878,139.0,32.61,0.0,0.0,0.0,0.0,0.0,3.0,179.0,9.097,1391.0,8.63,Низкая
0.0,64.0,10.0,62.0,10.0,1.2466,73.0,68.0,0.0,0.0,0.0,2.0,0.0,0.0,91.0,9.0928,302.0,7.62,Низкая
0.0,112.0,35.0,118.0,63.0,1.1934,181.0,25.47,0.0,1.0,0.0,4.0,0.0,2.0,216.0,9.0015,1639.0,4.45,Высокая
1.0,161.0,7.0,67.0,202.0,1.1213,272.0,26.46,0.0,2.0,0.0,4.0,0.0,5.0,305.0,8.7663,728.0,14.29,Высокая
2.0,90.0,2.0,66.0,110.0,1.2303,178.0,25.82,0.0,0.0,1.0,4.0,1.0,3.0,219.0,8.7316,1176.0,10.97,Низкая
2.0,166.0,9.0,36.0,146.0,1.2031,192.0,32.56,0.0,0.0,1.0,0.0,0.0,6.0,231.0,8.6905,1201.0,9.83,Низкая
1.0,53.0,5.0,93.0,65.0,1.35,160.0,16.43,0.0,0.0,0.0,3.0,0.0,8.0,216.0,8.558,719.0,8.34,Низкая
0.0,104.0,13.0,77.0,52.0,1.2093,129.0,44.91,0.0,0.0,0.0,0.0,0.0,0.0,156.0,8.4266,666.0,9.31,Низкая
1.0,57.0,0.0,51.0,4.0,1.3214,56.0,61.73,0.0,0.0,0.0,0.0,0.0,0.0,74.0,8.197,222.0,4.5,Низкая
1.0,69.0,7.0,75.0,16.0,1.337,92.0,43.68,0.0,0.0,0.0,1.0,0.0,2.0,123.0,8.1194,714.0,4.06,Низкая
3.0,163.0,7.0,94.0,49.0,1.2138,145.0,36.38,0.0,0.0,0.0,0.0,0.0,0.0,176.0,7.8782,950.0,12.21,Низкая
0.0,88.0,5.0,117.0,34.0,1.2549,153.0,29.8,0.0,1.0,0.0,1.0,0.0,4.0,192.0,7.7888,1946.0,6.06,Высокая
1.0,85.0,0.0,77.0,22.0,1.4257,101.0,32.94,0.0,1.0,0.0,0.0,0.0,1.0,144.0,7.7859,1287.0,7.23,Высокая
0.0,108.0,13.0,75.0,180.0,1.2348,264.0,21.19,0.0,1.0,0.0,6.0,0.0,3.0,326.0,7.715,1407.0,15.99,Высокая
0.0,80.0,5.0,56.0,4.0,1.3333,60.0,70.84,0.0,0.0,0.0,0.0,0.0,0.0,80.0,7.4779,321.0,6.54,Низкая
0.0,96.0,0.0,62.0,16.0,1.2308,78.0,64.04,0.0,0.0,0.0,0.0,0.0,0.0,96.0,7.4282,264.0,6.06,Низкая
0.0,109.0,3.0,86.0,66.0,1.2484,153.0,24.26,0.0,1.0,1.0,2.0,0.0,7.0,191.0,7.2838,2197.0,5.46,Высокая
4.0,100.0,0.0,82.0,47.0,1.291,134.0,28.45,0.0,1.0,0.0,1.0,0.0,5.0,173.0,7.0809,1212.0,7.84,Высокая
1.0,72.0,5.0,42.0,47.0,1.1196,92.0,33.06,0.0,0.0,0.0,1.0,0.0,2.0,103.0,6.8292,711.0,7.74,Низкая
1.0,61.0,8.0,36.0,72.0,1.2364,110.0,25.92,0.0,5.0,1.0,0.0,0.0,9.0,136.0,6.6883,565.0,10.44,Высокая
1.0,49.0,10.0,51.0,118.0,1.1761,176.0,23.82,0.0,0.0,0.0,3.0,2.0,2.0,207.0,6.6706,244.0,7.79,Низкая
2.0,115.0,13.0,83.0,6.0,1.3696,92.0,37.2,0.0,0.0,0.0,1.0,0.0,5.0,126.0,6.5357,1356.0,6.34,Низкая
0.0,0.0,0.0,56.0,83.0,1.1571,140.0,24.31,0.0,1.0,0.0,0.0,0.0,1.0,162.0,6.532,343.0,9.91,Высокая
0.0,44.0,0.0,44.0,13.0,1.3276,58.0,40.44,0.0,0.0,0.0,0.0,0.0,0.0,77.0,6.5132,191.0,4.19,Низкая
1.0,37.0,0.0,52.0,2.0,1.1296,54.0,65.81,0.0,0.0,0.0,0.0,0.0,0.0,61.0,6.4454,225.0,4.44,Низкая
0.0,60.0,11.0,72.0,142.0,1.1448,221.0,16.29,0.0,0.0,0.0,1.0,0.0,2.0,253.0,6.3313,812.0,11.82,Низкая
2.0,82.0,7.0,84.0,99.0,1.1913,183.0,23.65,0.0,3.0,0.0,2.0,1.0,2.0,218.0,6.2593,1098.0,12.84,Высокая
1.0,41.0,5.0,41.0,67.0,1.0734,109.0,30.85,0.0,0.0,0.0,0.0,0.0,2.0,117.0,6.1158,208.0,7.21,Низкая
1.0,89.0,5.0,56.0,6.0,1.2258,62.0,68.71,0.0,0.0,0.0,0.0,0.0,-1.0,76.0,6.0775,283.0,6.01,Низкая
0.0,12.0,5.0,44.0,25.0,1.3239,71.0,19.48,0.0,0.0,1.0,1.0,0.0,1.0,94.0,6.0224,495.0,8.08,Низкая
2.0,70.0,10.0,122.0,45.0,1.2679,168.0,18.57,0.0,2.0,0.0,0.0,0.0,3.0,213.0,6.0199,1148.0,9.49,Высокая
0.0,88.0,5.0,56.0,13.0,1.2647,68.0,67.14,0.0,0.0,0.0,0.0,0.0,0.0,86.0,5.9827,225.0,8.89,Низкая
0.0,68.0,2.0,90.0,36.0,1.3256,129.0,18.32,0.0,0.0,2.0,1.0,0.0,3.0,171.0,5.9781,1214.0,7.41,Низкая
0.0,60.0,0.0,51.0,6.0,1.1579,57.0,60.61,0.0,0.0,0.0,0.0,0.0,0.0,66.0,5.9115,248.0,4.84,Низкая
1.0,77.0,3.0,105.0,33.0,1.2183,142.0,23.41,0.0,0.0,0.0,1.0,1.0,2.0,173.0,5.6926,1371.0,8.1,Низкая
0.0,104.0,10.0,122.0,53.0,1.2057,175.0,20.49,0.0,0.0,1.0,0.0,0.0,3.0,211.0,5.6917,1587.0,9.45,Низкая
1.0,61.0,5.0,54.0,0.0,1.3148,54.0,68.28,0.0,0.0,0.0,0.0,0.0,0.0,71.0,5.6287,198.0,5.56,Низкая
0.0,28.0,5.0,38.0,23.0,1.2188,64.0,32.9,0.0,2.0,0.0,0.0,0.0,1.0,78.0,5.4882,454.0,11.23,Высокая
0.0,64.0,0.0,54.0,5.0,1.3898,59.0,51.32,0.0,0.0,0.0,0.0,0.0,0.0,82.0,5.4126,277.0,6.14,Низкая
0.0,152.0,10.0,96.0,3.0,1.2626,99.0,48.79,0.0,0.0,0.0,0.0,0.0,2.0,125.0,5.2179,599.0,5.84,Низкая
0.0,84.0,16.0,77.0,17.0,1.2784,97.0,31.17,1.0,0.0,0.0,1.0,0.0,2.0,124.0,5.196,1154.0,7.19,Низкая
0.0,44.0,0.0,52.0,0.0,1.3077,52.0,61.84,0.0,1.0,0.0,0.0,0.0,0.0,68.0,5.1625,175.0,5.14,Высокая
0.0,148.0,7.0,86.0,2.0,1.2727,88.0,49.77,0.0,0.0,0.0,0.0,0.0,1.0,112.0,5.0938,657.0,5.78,Низкая
0.0,90.0,0.0,46.0,17.0,1.3077,65.0,38.42,0.0,1.0,0.0,2.0,1.0,1.0,85.0,5.0894,577.0,5.72,Высокая
0.0,92.0,12.0,72.0,31.0,1.2019,104.0,43.36,0.0,1.0,0.0,1.0,0.0,1.0,125.0,5.0737,596.0,8.22,Высокая
1.0,81.0,0.0,77.0,33.0,1.4545,110.0,24.14,0.0,0.0,0.0,1.0,0.0,2.0,160.0,5.0647,915.0,7.65,Низкая
1.0,49.0,0.0,19.0,106.0,1.2441,127.0,17.58,0.0,0.0,1.0,1.0,0.0,3.0,158.0,5.0475,963.0,11.94,Низкая
1.0,71.0,4.0,71.0,25.0,1.5979,97.0,21.14,0.0,0.0,0.0,1.0,0.0,2.0,155.0,4.8339,356.0,7.87,Низкая
1.0,65.0,22.0,70.0,41.0,1.1727,110.0,25.08,0.0,0.0,0.0,0.0,0.0,1.0,129.0,4.6548,956.0,9.83,Низкая
1.0,56.0,1.0,46.0,29.0,1.1579,76.0,37.9,0.0,0.0,0.0,1.0,0.0,5.0,88.0,4.632,528.0,10.04,Низкая
0.0,0.0,0.0,60.0,49.0,1.4404,109.0,21.9,0.0,1.0,0.0,0.0,0.0,1.0,157.0,4.5936,801.0,8.86,Высокая
2.0,66.0,0.0,41.0,6.0,1.3265,49.0,36.98,0.0,0.0,0.0,0.0,0.0,-1.0,65.0,4.4674,640.0,6.56,Низкая
0.0,44.0,2.0,29.0,15.0,1.3636,44.0,38.64,0.0,1.0,0.0,0.0,0.0,1.0,60.0,4.457,330.0,6.97,Высокая
1.0,65.0,9.0,36.0,169.0,1.128,211.0,14.64,0.0,0.0,0.0,2.0,0.0,0.0,238.0,4.4126,692.0,10.55,Низкая
1.0,65.0,0.0,39.0,29.0,1.1389,72.0,38.29,0.0,0.0,0.0,0.0,0.0,0.0,82.0,4.3782,454.0,9.03,Низкая
2.0,34.0,0.0,39.0,34.0,1.2568,74.0,22.39,0.0,2.0,0.0,0.0,1.0,2.0,93.0,4.3377,402.0,12.69,Высокая
0.0,36.0,7.0,28.0,26.0,1.2321,56.0,32.57,0.0,0.0,0.0,0.0,-1.0,3.0,69.0,4.3326,296.0,14.53,Низкая
1.0,161.0,5.0,103.0,18.0,1.1855,124.0,44.16,0.0,0.0,0.0,1.0,0.0,2.0,147.0,4.2557,739.0,7.58,Низкая
3.0,267.0,27.0,141.0,5.0,1.3767,146.0,59.5,0.0,0.0,0.0,1.0,0.0,5.0,201.0,4.2193,1031.0,3.98,Низкая
0.0,28.0,3.0,32.0,35.0,1.3731,67.0,19.36,0.0,1.0,0.0,1.0,0.0,2.0,92.0,4.1556,375.0,9.33,Высокая
1.0,37.0,0.0,34.0,44.0,1.2593,81.0,26.79,0.0,0.0,0.0,7.0,0.0,2.0,102.0,3.9856,515.0,10.1,Низкая
0.0,72.0,0.0,32.0,33.0,1.303,66.0,32.15,0.0,1.0,1.0,1.0,0.0,2.0,86.0,3.9018,782.0,7.42,Высокая
1.0,33.0,10.0,34.0,28.0,1.2698,63.0,28.74,0.0,2.0,0.0,2.0,0.0,-1.0,80.0,3.8899,760.0,5.0,Высокая
0.0,20.0,0.0,65.0,2.0,1.4348,69.0,10.35,0.0,0.0,0.0,1.0,0.0,2.0,99.0,3.8373,1139.0,5.0,Низкая
2.0,58.0,0.0,71.0,19.0,1.25,92.0,23.51,0.0,0.0,0.0,0.0,0.0,1.0,115.0,3.7857,989.0,8.7,Низкая
1.0,45.0,0.0,57.0,23.0,1.1446,83.0,16.68,0.0,0.0,0.0,0.0,0.0,1.0,95.0,3.7368,1891.0,3.49,Низкая
0.0,12.0,5.0,34.0,1.0,1.4722,36.0,32.63,0.0,0.0,0.0,1.0,0.0,2.0,53.0,3.6946,438.0,9.82,Низкая
1.0,41.0,0.0,37.0,13.0,1.28,50.0,30.98,0.0,3.0,0.0,0.0,0.0,2.0,64.0,3.674,294.0,5.44,Высокая
0.0,64.0,1.0,35.0,15.0,1.1731,52.0,53.46,0.0,0.0,0.0,1.0,0.0,-2.0,61.0,3.6504,265.0,10.19,Низкая
0.0,136.0,4.0,80.0,38.0,1.1322,121.0,45.01,0.0,0.0,0.0,0.0,0.0,1.0,137.0,3.6312,606.0,7.26,Низкая
0.0,35.0,0.0,20.0,14.0,1.3235,34.0,40.71,0.0,1.0,0.0,0.0,0.0,-1.0,45.0,3.5874,593.0,4.55,Высокая
3.0,110.0,0.0,13.0,92.0,1.2453,106.0,39.08,0.0,1.0,0.0,1.0,0.0,1.0,132.0,3.5541,478.0,9.0,Высокая
0.0,44.0,4.0,25.0,79.0,1.1111,108.0,27.1,0.0,2.0,0.0,0.0,0.0,2.0,120.0,3.4592,398.0,9.8,Высокая
0.0,88.0,0.0,58.0,23.0,1.2169,83.0,34.05,0.0,0.0,0.0,0.0,0.0,1.0,101.0,3.4583,630.0,8.73,Низкая
1.0,29.0,1.0,22.0,21.0,1.1915,47.0,36.34,0.0,1.0,0.0,0.0,0.0,1.0,56.0,3.4372,409.0,8.56,Высокая
0.0,48.0,0.0,99.0,16.0,1.3077,117.0,19.76,0.0,0.0,0.0,2.0,0.0,4.0,153.0,3.4177,1537.0,6.31,Низкая
0.0,28.0,8.0,41.0,42.0,1.3605,86.0,15.15,0.0,0.0,0.0,1.0,0.0,3.0,117.0,3.3628,510.0,10.2,Низкая
1.0,133.0,0.0,85.0,1.0,1.3023,86.0,35.27,0.0,0.0,0.0,0.0,0.0,1.0,112.0,3.303,663.0,5.88,Низкая
0.0,72.0,0.0,69.0,1.0,1.2857,70.0,38.25,0.0,0.0,0.0,0.0,0.0,1.0,90.0,3.2892,515.0,5.24,Низкая
1.0,89.0,5.0,23.0,162.0,1.0704,199.0,27.89,0.0,0.0,0.0,6.0,0.0,0.0,213.0,3.284,159.0,3.77,Низкая
0.0,35.0,0.0,26.0,1.0,1.4286,28.0,40.5,0.0,0.0,0.0,0.0,0.0,2.0,40.0,3.2673,509.0,5.11,Низкая
0.0,52.0,0.0,32.0,75.0,1.2936,109.0,26.99,0.0,1.0,0.0,1.0,0.0,4.0,141.0,3.2558,339.0,21.24,Высокая
0.0,20.0,0.0,34.0,27.0,1.2462,65.0,26.09,0.0,1.0,0.0,0.0,0.0,2.0,81.0,3.1998,260.0,6.92,Высокая
1.0,49.0,0.0,28.0,3.0,1.3871,31.0,50.86,0.0,0.0,0.0,0.0,0.0,2.0,43.0,3.1892,319.0,5.33,Низкая
2.0,66.0,9.0,47.0,49.0,1.1313,99.0,26.22,0.0,0.0,0.0,4.0,0.0,1.0,112.0,3.1809,219.0,8.68,Низкая
0.0,67.0,0.0,47.0,1.0,1.24,50.0,50.05,0.0,0.0,0.0,0.0,0.0,1.0,62.0,3.1116,579.0,5.35,Низкая
0.0,36.0,0.0,17.0,5.0,1.6087,23.0,38.95,0.0,0.0,0.0,0.0,0.0,0.0,37.0,3.1107,161.0,9.32,Низкая
0.0,24.0,0.0,12.0,76.0,1.1429,91.0,25.72,0.0,0.0,0.0,1.0,0.0,2.0,104.0,3.0906,381.0,18.9,Низкая
0.0,20.0,0.0,43.0,26.0,1.3286,70.0,18.24,0.0,0.0,0.0,0.0,0.0,2.0,93.0,3.0343,1048.0,7.16,Низкая
0.0,88.0,9.0,62.0,27.0,1.1685,89.0,39.4,0.0,0.0,0.0,0.0,0.0,1.0,104.0,3.0277,784.0,6.63,Низкая
0.0,40.0,0.0,29.0,3.0,1.2424,33.0,64.71,0.0,0.0,0.0,0.0,0.0,0.0,41.0,2.9775,134.0,5.22,Низкая
0.0,32.0,2.0,35.0,14.0,1.2157,51.0,29.97,0.0,1.0,0.0,0.0,0.0,-1.0,62.0,2.947,166.0,3.61,Высокая
0.0,78.0,4.0,74.0,3.0,1.2805,82.0,27.51,0.0,2.0,0.0,0.0,0.0,1.0,105.0,2.9445,825.0,7.88,Высокая
0.0,56.0,5.0,73.0,18.0,1.3667,90.0,18.55,0.0,1.0,0.0,1.0,0.0,1.0,123.0,2.8209,489.0,7.77,Высокая
1.0,37.0,3.0,29.0,24.0,1.2182,55.0,29.49,0.0,1.0,0.0,0.0,0.0,3.0,67.0,2.7775,395.0,5.32,Высокая
1.0,121.0,10.0,78.0,5.0,1.241,83.0,35.47,0.0,0.0,0.0,0.0,0.0,1.0,103.0,2.7607,568.0,6.34,Низкая
0.0,20.0,5.0,24.0,45.0,1.1571,70.0,26.6,0.0,0.0,0.0,1.0,0.0,0.0,81.0,2.759,201.0,10.45,Низкая
2.0,22.0,0.0,20.0,30.0,1.2157,51.0,22.63,0.0,0.0,0.0,1.0,0.0,0.0,62.0,2.7355,330.0,10.3,Низкая
0.0,24.0,6.0,41.0,24.0,1.3385,65.0,12.81,0.0,0.0,0.0,2.0,0.0,2.0,87.0,2.7185,554.0,5.6,Низкая
0.0,152.0,10.0,89.0,7.0,1.1875,96.0,47.62,0.0,1.0,0.0,0.0,0.0,1.0,114.0,2.7141,600.0,6.5,Высокая
0.0,20.0,0.0,21.0,5.0,2.2308,26.0,17.53,0.0,1.0,0.0,1.0,0.0,1.0,58.0,2.7051,168.0,5.36,Высокая
1.0,33.0,0.0,27.0,21.0,1.1667,48.0,34.04,0.0,0.0,0.0,0.0,0.0,1.0,56.0,2.6581,349.0,8.6,Низкая
0.0,80.0,2.0,60.0,16.0,1.3289,76.0,25.56,0.0,0.0,0.0,1.0,0.0,4.0,101.0,2.653,772.0,6.22,Низкая
0.0,24.0,5.0,33.0,5.0,1.4211,38.0,25.61,0.0,0.0,0.0,0.0,0.0,2.0,54.0,2.5435,657.0,4.26,Низкая
0.0,40.0,10.0,22.0,4.0,1.5926,27.0,37.53,0.0,0.0,0.0,0.0,0.0,3.0,43.0,2.5149,531.0,5.84,Низкая
0.0,36.0,0.0,24.0,0.0,1.16,25.0,61.85,0.0,0.0,0.0,0.0,0.0,0.0,29.0,2.4962,112.0,4.46,Низкая
0.0,8.0,0.0,23.0,4.0,1.5556,27.0,20.94,0.0,0.0,0.0,1.0,0.0,0.0,42.0,2.4889,536.0,3.73,Низкая
0.0,16.0,0.0,12.0,36.0,1.2292,48.0,20.4,0.0,0.0,0.0,0.0,0.0,0.0,59.0,2.4771,122.0,13.11,Низкая
1.0,17.0,5.0,20.0,20.0,1.2619,42.0,34.53,0.0,0.0,0.0,0.0,0.0,1.0,53.0,2.4197,226.0,7.96,Низкая
0.0,24.0,1.0,17.0,13.0,1.4688,32.0,27.69,0.0,0.0,0.0,0.0,0.0,0.0,47.0,2.346,284.0,6.69,Низкая
0.0,20.0,0.0,30.0,0.0,1.7188,32.0,12.72,0.0,0.0,0.0,1.0,0.0,2.0,55.0,2.3426,449.0,7.13,Низкая
0.0,32.0,0.0,27.0,0.0,1.5,28.0,32.1,0.0,0.0,0.0,1.0,0.0,0.0,42.0,2.3292,499.0,4.81,Низкая
0.0,24.0,0.0,16.0,8.0,1.88,25.0,28.41,0.0,0.0,0.0,1.0,0.0,1.0,47.0,2.3215,312.0,7.69,Низкая
1.0,30.0,0.0,15.0,5.0,1.3333,21.0,49.75,0.0,0.0,0.0,0.0,0.0,0.0,28.0,2.3101,148.0,8.78,Низкая
3.0,130.0,0.0,70.0,2.0,1.25,72.0,45.73,0.0,0.0,0.0,0.0,0.0,3.0,90.0,2.2866,503.0,6.76,Низкая
2.0,21.0,0.0,17.0,37.0,1.1296,54.0,17.04,0.0,1.0,0.0,1.0,0.0,2.0,61.0,2.2782,584.0,7.19,Высокая
0.0,40.0,1.0,20.0,20.0,1.25,40.0,20.95,0.0,0.0,0.0,0.0,0.0,3.0,50.0,2.2753,366.0,9.56,Низкая
0.0,44.0,0.0,16.0,34.0,1.2778,54.0,28.19,0.0,2.0,0.0,0.0,0.0,3.0,69.0,2.2475,885.0,6.33,Высокая
2.0,154.0,15.0,91.0,6.0,1.2525,99.0,50.92,0.0,1.0,0.0,1.0,0.0,4.0,124.0,2.2277,693.0,5.19,Высокая
0.0,37.0,0.0,17.0,7.0,1.2,25.0,44.77,0.0,0.0,0.0,0.0,0.0,0.0,30.0,2.2273,199.0,7.54,Низкая
0.0,32.0,0.0,22.0,19.0,1.1951,41.0,26.86,0.0,1.0,0.0,0.0,0.0,1.0,49.0,2.1865,282.0,8.87,Высокая
0.0,32.0,0.0,23.0,37.0,1.082,61.0,22.71,0.0,0.0,0.0,1.0,0.0,1.0,66.0,2.1859,635.0,7.72,Низкая
1.0,121.0,10.0,95.0,2.0,1.2474,97.0,43.28,0.0,0.0,0.0,0.0,0.0,1.0,121.0,2.1673,768.0,5.86,Низкая
1.0,189.0,11.0,139.0,32.0,1.221,181.0,27.54,0.0,1.0,0.0,0.0,0.0,1.0,221.0,2.1474,2075.0,5.59,Высокая
1.0,41.0,5.0,40.0,0.0,1.175,40.0,62.35,0.0,0.0,0.0,0.0,0.0,0.0,47.0,2.1326,207.0,6.28,Низкая
0.0,124.0,5.0,131.0,1.0,1.2406,133.0,36.21,0.0,1.0,0.0,0.0,0.0,1.0,165.0,2.1079,1194.0,6.7,Высокая
3.0,218.0,10.0,89.0,0.0,1.3258,89.0,43.67,0.0,0.0,0.0,0.0,0.0,2.0,118.0,2.09,663.0,5.58,Низкая
0.0,76.0,0.0,55.0,3.0,1.2667,60.0,30.05,0.0,0.0,0.0,1.0,0.0,1.0,76.0,2.0874,781.0,6.02,Низкая
0.0,32.0,0.0,23.0,27.0,1.3,50.0,21.65,0.0,0.0,0.0,0.0,0.0,1.0,65.0,2.0872,555.0,3.6,Низкая
0.0,44.0,0.0,31.0,7.0,1.5476,42.0,30.41,0.0,0.0,0.0,0.0,0.0,1.0,65.0,2.0868,161.0,8.7,Низкая
1.0,45.0,0.0,31.0,13.0,1.2222,45.0,24.09,0.0,0.0,0.0,0.0,0.0,1.0,55.0,2.083,412.0,6.8,Низкая
0.0,56.0,8.0,41.0,0.0,1.1463,41.0,59.2,0.0,0.0,0.0,0.0,0.0,1.0,47.0,2.0791,409.0,4.4,Низкая
0.0,36.0,0.0,43.0,2.0,1.1111,45.0,36.67,0.0,0.0,0.0,0.0,0.0,2.0,50.0,2.0625,411.0,4.62,Низкая
1.0,49.0,8.0,29.0,37.0,1.1014,69.0,29.1,0.0,0.0,0.0,1.0,0.0,2.0,76.0,2.0332,173.0,8.09,Низкая
0.0,16.0,2.0,30.0,5.0,1.1667,36.0,22.37,0.0,0.0,0.0,0.0,0.0,1.0,42.0,2.0196,445.0,3.6,Низкая
0.0,20.0,0.0,28.0,10.0,1.3421,38.0,26.56,0.0,0.0,0.0,1.0,0.0,1.0,51.0,2.0093,365.0,6.85,Низкая
0.0,24.0,0.0,10.0,16.0,1.2308,26.0,35.14,0.0,0.0,1.0,0.0,0.0,1.0,32.0,2.0083,253.0,5.53,Низкая
0.0,40.0,0.0,26.0,7.0,1.1765,34.0,32.03,0.0,0.0,0.0,0.0,0.0,2.0,40.0,1.9968,552.0,3.26,Низкая
2.0,113.0,12.0,94.0,2.0,1.2188,96.0,48.28,0.0,1.0,0.0,0.0,0.0,1.0,117.0,1.9928,788.0,6.22,Высокая
0.0,24.0,0.0,8.0,26.0,1.3143,35.0,26.04,0.0,0.0,0.0,0.0,0.0,1.0,46.0,1.9863,254.0,5.51,Низкая
0.0,24.0,0.0,22.0,0.0,1.1304,23.0,55.05,0.0,0.0,0.0,0.0,0.0,0.0,26.0,1.9442,103.0,3.88,Низкая
0.0,28.0,0.0,35.0,7.0,1.1395,43.0,26.75,0.0,1.0,0.0,0.0,0.0,2.0,49.0,1.944,608.0,6.25,Высокая
0.0,8.0,0.0,8.0,19.0,1.4074,27.0,23.56,0.0,0.0,0.0,0.0,0.0,1.0,38.0,1.9321,132.0,12.88,Низкая
0.0,12.0,0.0,23.0,0.0,1.2174,23.0,59.73,0.0,0.0,0.0,0.0,0.0,0.0,28.0,1.8908,160.0,1.88,Низкая
1.0,169.0,18.0,104.0,1.0,1.2,105.0,52.2,0.0,1.0,0.0,0.0,0.0,3.0,126.0,1.8817,768.0,4.43,Высокая
2.0,26.0,0.0,8.0,0.0,2.125,8.0,43.99,0.0,0.0,0.0,0.0,0.0,0.0,17.0,1.8385,79.0,2.53,Низкая
1.0,33.0,0.0,18.0,6.0,1.3077,26.0,33.18,0.0,0.0,0.0,1.0,0.0,-1.0,34.0,1.8363,286.0,4.9,Низкая
0.0,100.0,14.0,85.0,1.0,1.3488,86.0,40.94,0.0,0.0,0.0,0.0,0.0,2.0,116.0,1.8336,745.0,4.97,Низкая
0.0,8.0,0.0,20.0,8.0,1.2857,28.0,21.93,0.0,1.0,0.0,0.0,0.0,2.0,36.0,1.8242,518.0,5.41,Высокая
0.0,84.0,5.0,49.0,2.0,1.1765,51.0,68.06,0.0,0.0,0.0,0.0,0.0,0.0,60.0,1.815,257.0,6.23,Низкая
0.0,16.0,0.0,33.0,19.0,1.0556,54.0,19.03,0.0,0.0,0.0,0.0,0.0,1.0,57.0,1.7992,500.0,8.2,Низкая
0.0,56.0,1.0,44.0,1.0,1.1702,47.0,41.34,0.0,0.0,0.0,0.0,0.0,-1.0,55.0,1.7937,538.0,5.58,Низкая
0.0,8.0,0.0,2.0,72.0,1.0822,73.0,15.53,0.0,0.0,0.0,0.0,0.0,0.0,79.0,1.7889,239.0,12.13,Низкая
0.0,23.0,0.0,13.0,1.0,1.4286,14.0,52.03,0.0,0.0,0.0,1.0,0.0,-1.0,20.0,1.7836,142.0,3.52,Низкая
1.0,76.0,0.0,43.0,1.0,1.5333,45.0,33.7,0.0,0.0,0.0,0.0,0.0,1.0,69.0,1.7568,660.0,5.0,Низкая
0.0,28.0,8.0,25.0,0.0,1.3333,24.0,41.55,0.0,0.0,0.0,0.0,0.0,0.0,32.0,1.747,488.0,3.69,Низкая
0.0,44.0,5.0,45.0,1.0,1.1739,46.0,42.73,0.0,0.0,0.0,0.0,0.0,3.0,54.0,1.7434,395.0,5.06,Низкая
0.0,31.0,0.0,17.0,4.0,1.4091,22.0,45.3,0.0,0.0,0.0,0.0,0.0,2.0,31.0,1.7164,241.0,7.47,Низкая
0.0,28.0,5.0,30.0,0.0,1.0323,31.0,35.16,0.0,0.0,0.0,0.0,0.0,0.0,32.0,1.6781,672.0,3.42,Низкая
0.0,24.0,0.0,22.0,0.0,1.1364,22.0,47.21,0.0,0.0,0.0,0.0,0.0,0.0,25.0,1.6753,455.0,2.86,Низкая
0.0,44.0,4.0,19.0,47.0,1.2254,71.0,28.58,0.0,0.0,0.0,0.0,0.0,1.0,87.0,1.6645,376.0,8.51,Низкая
0.0,68.0,0.0,37.0,12.0,1.2708,48.0,41.5,0.0,0.0,0.0,0.0,0.0,0.0,61.0,1.6597,349.0,7.74,Низкая
1.0,33.0,0.0,31.0,0.0,1.3226,31.0,41.69,0.0,0.0,0.0,0.0,0.0,1.0,41.0,1.6571,473.0,3.59,Низкая
1.0,69.0,5.0,44.0,3.0,1.234,47.0,38.57,0.0,1.0,0.0,0.0,0.0,1.0,58.0,1.6469,123.0,20.33,Высокая
1.0,33.0,5.0,52.0,0.0,1.25,52.0,54.85,0.0,0.0,0.0,0.0,0.0,0.0,65.0,1.6242,337.0,5.34,Низкая
0.0,24.0,0.0,19.0,0.0,1.5789,19.0,36.29,0.0,0.0,0.0,0.0,0.0,0.0,30.0,1.5879,433.0,3.7,Низкая
2.0,26.0,0.0,19.0,23.0,1.0652,46.0,16.16,0.0,1.0,0.0,0.0,0.0,3.0,49.0,1.5818,588.0,5.78,Высокая
0.0,24.0,0.0,20.0,3.0,1.2917,24.0,55.19,0.0,0.0,0.0,0.0,0.0,-2.0,31.0,1.5779,312.0,4.17,Низкая
0.0,36.0,0.0,33.0,2.0,1.2222,36.0,31.73,0.0,0.0,0.0,0.0,0.0,1.0,44.0,1.5744,453.0,5.3,Низкая
0.0,22.0,0.0,14.0,39.0,1.0755,53.0,19.04,0.0,0.0,0.0,0.0,0.0,2.0,57.0,1.562,234.0,13.25,Низкая
0.0,24.0,0.0,28.0,1.0,1.2667,30.0,30.31,0.0,0.0,0.0,0.0,0.0,3.0,38.0,1.5615,408.0,6.37,Низкая
0.0,52.0,0.0,37.0,0.0,1.1351,37.0,67.57,0.0,0.0,0.0,0.0,0.0,0.0,42.0,1.553,220.0,6.82,Низкая
0.0,8.0,0.0,17.0,12.0,1.1034,29.0,23.09,0.0,0.0,0.0,1.0,0.0,1.0,32.0,1.5212,259.0,4.63,Низкая
0.0,28.0,0.0,25.0,5.0,1.6,30.0,25.86,0.0,2.0,0.0,0.0,0.0,0.0,48.0,1.5101,159.0,8.81,Высокая
0.0,0.0,0.0,147.0,29.0,1.0615,179.0,12.98,0.0,1.0,0.0,0.0,0.0,2.0,190.0,1.5072,1714.0,9.39,Высокая
0.0,29.0,0.0,15.0,2.0,1.2353,17.0,58.37,0.0,0.0,0.0,0.0,0.0,2.0,21.0,1.4573,229.0,6.11,Низкая
0.0,24.0,0.0,13.0,1.0,1.3889,18.0,35.59,0.0,0.0,0.0,0.0,0.0,0.0,25.0,1.4535,161.0,6.83,Низкая
0.0,0.0,0.0,13.0,4.0,1.2941,17.0,21.25,0.0,1.0,0.0,1.0,0.0,1.0,22.0,1.4534,386.0,2.85,Высокая
0.0,12.0,4.0,23.0,11.0,1.0588,34.0,23.86,0.0,0.0,0.0,0.0,0.0,1.0,36.0,1.4515,475.0,5.68,Низкая
0.0,52.0,2.0,51.0,0.0,1.1923,52.0,20.97,0.0,0.0,0.0,0.0,0.0,1.0,62.0,1.4299,815.0,4.91,Низкая
0.0,36.0,0.0,28.0,14.0,1.1136,44.0,30.95,0.0,0.0,0.0,0.0,0.0,0.0,49.0,1.4281,542.0,4.24,Низкая
0.0,36.0,0.0,19.0,0.0,1.05,20.0,68.63,0.0,0.0,0.0,0.0,0.0,0.0,21.0,1.4252,99.0,3.03,Низкая
0.0,12.0,0.0,30.0,21.0,1.2549,51.0,17.72,0.0,0.0,0.0,0.0,0.0,0.0,64.0,1.4241,303.0,12.54,Низкая
1.0,41.0,0.0,24.0,6.0,1.1333,30.0,24.39,0.0,0.0,0.0,0.0,0.0,1.0,34.0,1.4238,521.0,3.65,Низкая
0.0,52.0,0.0,32.0,0.0,1.125,32.0,68.05,0.0,0.0,0.0,0.0,0.0,0.0,36.0,1.4223,182.0,4.95,Низкая
1.0,29.0,0.0,30.0,17.0,1.2128,47.0,31.41,0.0,0.0,0.0,1.0,0.0,0.0,57.0,1.3925,545.0,5.69,Низкая
0.0,12.0,4.0,20.0,23.0,1.1163,43.0,16.75,0.0,0.0,0.0,0.0,0.0,1.0,48.0,1.3733,226.0,6.19,Низкая
0.0,16.0,0.0,19.0,23.0,1.1395,43.0,32.55,0.0,0.0,0.0,0.0,0.0,1.0,49.0,1.3644,130.0,13.85,Низкая
1.0,73.0,0.0,42.0,1.0,1.2093,43.0,42.45,0.0,0.0,0.0,0.0,0.0,2.0,52.0,1.3611,412.0,4.85,Низкая
0.0,24.0,0.0,20.0,0.0,1.05,20.0,61.8,0.0,0.0,0.0,0.0,0.0,0.0,21.0,1.359,116.0,6.9,Низкая
0.0,8.0,0.0,17.0,6.0,1.1304,23.0,22.05,0.0,0.0,0.0,0.0,0.0,1.0,26.0,1.352,198.0,9.09,Низкая
1.0,201.0,2.0,89.0,24.0,1.2845,116.0,31.69,0.0,0.0,1.0,0.0,0.0,1.0,149.0,1.3502,759.0,8.17,Низкая
0.0,18.0,0.0,19.0,7.0,1.1852,27.0,33.46,0.0,0.0,0.0,0.0,0.0,1.0,32.0,1.3444,145.0,6.9,Низкая
0.0,12.0,6.0,11.0,32.0,1.186,43.0,31.6,0.0,0.0,0.0,0.0,0.0,-1.0,51.0,1.3385,151.0,1.32,Низкая
0.0,10.0,3.0,15.0,9.0,1.2083,24.0,24.4,0.0,0.0,0.0,0.0,0.0,-1.0,29.0,1.3365,119.0,10.08,Низкая
0.0,24.0,0.0,9.0,12.0,1.1905,21.0,35.84,0.0,0.0,0.0,0.0,0.0,0.0,25.0,1.334,365.0,3.56,Низкая
0.0,152.0,11.0,79.0,6.0,1.2,85.0,43.83,0.0,0.0,0.0,0.0,0.0,1.0,102.0,1.304,765.0,6.54,Низкая
0.0,36.0,0.0,53.0,3.0,1.15,60.0,15.35,0.0,0.0,0.0,0.0,0.0,2.0,69.0,1.2974,1007.0,4.87,Низкая
0.0,28.0,0.0,19.0,11.0,1.2667,30.0,35.67,0.0,0.0,0.0,0.0,0.0,0.0,38.0,1.2954,287.0,6.27,Низкая
0.0,0.0,0.0,10.0,10.0,1.2,20.0,38.79,0.0,0.0,0.0,0.0,0.0,0.0,24.0,1.262,189.0,3.17,Низкая
1.0,77.0,1.0,94.0,14.0,1.6111,108.0,20.49,0.0,0.0,0.0,0.0,0.0,1.0,174.0,1.2574,561.0,5.17,Низкая
0.0,32.0,0.0,18.0,15.0,1.0882,34.0,22.41,0.0,0.0,0.0,0.0,0.0,0.0,37.0,1.2532,418.0,3.59,Низкая
0.0,8.0,0.0,9.0,15.0,1.0417,24.0,20.3,0.0,0.0,0.0,0.0,0.0,2.0,25.0,1.2491,120.0,4.17,Низкая
0.0,30.0,0.0,15.0,15.0,1.1786,28.0,39.17,0.0,0.0,0.0,0.0,0.0,1.0,33.0,1.2216,167.0,7.78,Низкая
0.0,12.0,0.0,13.0,23.0,1.1622,37.0,26.47,0.0,0.0,0.0,0.0,0.0,0.0,43.0,1.2045,414.0,3.62,Низкая
0.0,104.0,0.0,58.0,1.0,1.339,59.0,42.68,0.0,0.0,0.0,0.0,0.0,1.0,79.0,1.1894,447.0,5.15,Низкая
0.0,65.0,0.0,24.0,4.0,1.4483,29.0,43.17,0.0,0.0,0.0,0.0,0.0,0.0,42.0,1.1885,431.0,4.64,Низкая
1.0,69.0,5.0,66.0,0.0,1.197,66.0,49.18,0.0,0.0,0.0,0.0,0.0,1.0,79.0,1.1872,595.0,5.38,Низкая
0.0,40.0,5.0,47.0,2.0,1.1,50.0,29.75,0.0,0.0,0.0,0.0,0.0,1.0,55.0,1.1818,1172.0,3.16,Низкая
0.0,12.0,0.0,7.0,7.0,1.5333,15.0,36.69,0.0,0.0,0.0,0.0,0.0,1.0,23.0,1.1792,421.0,1.9,Низкая
0.0,12.0,0.0,17.0,9.0,1.0714,28.0,9.52,0.0,0.0,0.0,0.0,0.0,1.0,30.0,1.1593,380.0,5.53,Низкая
0.0,24.0,0.0,26.0,0.0,1.1538,26.0,61.27,0.0,0.0,0.0,0.0,0.0,0.0,30.0,1.1591,165.0,4.85,Низкая
1.0,33.0,0.0,36.0,1.0,1.3784,37.0,48.7,0.0,0.0,0.0,0.0,0.0,-1.0,51.0,1.1383,237.0,7.17,Низкая
0.0,8.0,0.0,19.0,12.0,1.25,32.0,16.14,0.0,1.0,0.0,0.0,0.0,0.0,40.0,1.135,168.0,3.57,Высокая
0.0,28.0,0.0,32.0,4.0,1.25,36.0,28.6,0.0,0.0,0.0,0.0,0.0,2.0,45.0,1.101,350.0,6.29,Низкая
0.0,58.0,0.0,45.0,0.0,1.3913,46.0,40.6,0.0,0.0,1.0,0.0,0.0,0.0,64.0,1.0899,791.0,3.54,Низкая
0.0,24.0,0.0,11.0,0.0,1.25,12.0,55.18,0.0,0.0,0.0,0.0,0.0,1.0,15.0,1.0805,39.0,10.26,Низкая
0.0,20.0,0.0,20.0,3.0,1.2917,24.0,29.91,0.0,0.0,0.0,0.0,0.0,0.0,31.0,1.0715,141.0,9.93,Низкая
1.0,33.0,0.0,14.0,1.0,1.8,15.0,27.11,0.0,0.0,0.0,0.0,0.0,0.0,27.0,1.0675,422.0,4.03,Низкая
1.0,49.0,4.0,38.0,0.0,1.1842,38.0,61.57,0.0,0.0,0.0,0.0,0.0,0.0,45.0,1.0544,203.0,8.37,Низкая
1.0,29.0,0.0,8.0,7.0,2.4,15.0,31.62,0.0,0.0,0.0,0.0,0.0,0.0,36.0,1.0499,403.0,5.46,Низкая
1.0,13.0,0.0,6.0,1.0,1.2857,7.0,50.93,0.0,0.0,0.0,0.0,0.0,0.0,9.0,1.048,80.0,2.5,Низкая
0.0,32.0,0.0,20.0,1.0,1.0476,21.0,57.9,0.0,0.0,0.0,0.0,0.0,0.0,22.0,1.0438,150.0,5.33,Низкая
0.0,0.0,3.0,76.0,5.0,1.1325,83.0,20.28,0.0,0.0,0.0,1.0,0.0,0.0,94.0,1.0433,81.0,1.23,Низкая
0.0,28.0,0.0,32.0,0.0,1.2188,32.0,58.16,0.0,0.0,0.0,0.0,0.0,-1.0,39.0,1.0333,220.0,5.0,Низкая
1.0,41.0,0.0,25.0,5.0,1.3125,32.0,23.18,0.0,0.0,0.0,0.0,0.0,0.0,42.0,1.0248,585.0,4.96,Низкая
0.0,32.0,0.0,27.0,0.0,1.0741,27.0,62.75,0.0,0.0,0.0,0.0,0.0,0.0,29.0,1.0211,149.0,2.68,Низкая
0.0,4.0,0.0,11.0,1.0,1.0,12.0,25.17,0.0,0.0,0.0,0.0,0.0,2.0,12.0,1.0126,402.0,1.49,Низкая
0.0,48.0,0.0,16.0,22.0,1.1538,39.0,36.77,0.0,0.0,0.0,0.0,0.0,0.0,45.0,1.0111,379.0,2.64,Низкая
0.0,16.0,0.0,19.0,4.0,1.3077,26.0,26.63,0.0,0.0,0.0,0.0,0.0,0.0,34.0,1.0036,416.0,3.85,Низкая
0.0,32.0,0.0,24.0,0.0,1.0833,24.0,30.63,0.0,0.0,1.0,0.0,0.0,1.0,26.0,0.9997,450.0,3.11,Низкая
0.0,17.0,0.0,15.0,10.0,1.32,25.0,26.46,0.0,0.0,0.0,0.0,0.0,0.0,33.0,0.997,135.0,10.37,Низкая
1.0,45.0,0.0,14.0,13.0,1.0714,28.0,38.4,0.0,0.0,0.0,0.0,0.0,0.0,30.0,0.9919,462.0,4.11,Низкая
1.0,49.0,0.0,75.0,1.0,1.3158,76.0,39.0,0.0,0.0,0.0,0.0,0.0,3.0,100.0,0.9858,625.0,5.6,Низкая
1.0,33.0,0.0,22.0,0.0,1.3182,22.0,55.32,0.0,0.0,0.0,0.0,0.0,0.0,29.0,0.9803,171.0,2.92,Низкая
1.0,25.0,0.0,28.0,1.0,1.2414,29.0,58.31,0.0,0.0,0.0,0.0,0.0,-1.0,36.0,0.9622,278.0,4.68,Низкая
0.0,20.0,0.0,12.0,22.0,1.1818,33.0,14.27,0.0,0.0,0.0,0.0,0.0,0.0,39.0,0.9506,224.0,7.14,Низкая
1.0,26.0,0.0,14.0,1.0,1.2667,15.0,39.68,0.0,1.0,0.0,0.0,0.0,0.0,19.0,0.9466,166.0,6.63,Высокая
0.0,12.0,0.0,14.0,0.0,1.1429,14.0,32.55,0.0,0.0,0.0,0.0,0.0,0.0,16.0,0.9404,392.0,2.04,Низкая
0.0,28.0,5.0,34.0,1.0,1.1111,36.0,63.11,0.0,0.0,0.0,0.0,0.0,0.0,40.0,0.9397,259.0,6.18,Низкая
1.0,37.0,0.0,28.0,0.0,1.1429,28.0,56.38,0.0,0.0,0.0,0.0,0.0,0.0,32.0,0.9271,155.0,3.87,Низкая
0.0,32.0,13.0,31.0,0.0,1.3548,31.0,33.52,0.0,0.0,0.0,0.0,0.0,2.0,42.0,0.9228,530.0,6.6,Низкая
0.0,16.0,8.0,20.0,7.0,1.1852,27.0,19.77,0.0,0.0,0.0,0.0,0.0,0.0,32.0,0.9207,126.0,9.52,Низкая
0.0,44.0,5.0,35.0,3.0,1.1026,39.0,30.32,0.0,1.0,0.0,1.0,0.0,0.0,43.0,0.909,490.0,4.9,Высокая
0.0,0.0,0.0,9.0,10.0,1.35,20.0,22.0,0.0,0.0,0.0,0.0,0.0,0.0,27.0,0.9011,115.0,6.96,Низкая
0.0,8.0,0.0,14.0,12.0,1.1481,27.0,24.98,0.0,0.0,0.0,0.0,0.0,0.0,31.0,0.8948,161.0,4.97,Низкая
0.0,32.0,0.0,32.0,1.0,1.2121,33.0,61.17,0.0,0.0,0.0,0.0,0.0,0.0,40.0,0.8835,226.0,4.87,Низкая
0.0,0.0,0.0,9.0,6.0,1.2,15.0,28.95,0.0,0.0,0.0,0.0,0.0,-1.0,18.0,0.8802,101.0,11.88,Низкая
2.0,18.0,0.0,9.0,19.0,1.0667,30.0,35.94,0.0,0.0,0.0,0.0,0.0,0.0,32.0,0.869,218.0,8.72,Низкая
0.0,0.0,0.0,8.0,0.0,1.125,8.0,31.29,0.0,0.0,0.0,0.0,0.0,0.0,9.0,0.8683,416.0,0.24,Низкая
2.0,93.0,0.0,63.0,1.0,1.2031,64.0,36.57,0.0,0.0,0.0,0.0,0.0,2.0,77.0,0.8682,551.0,4.54,Низкая
1.0,29.0,4.0,14.0,1.0,1.0667,15.0,39.76,0.0,0.0,0.0,0.0,0.0,0.0,16.0,0.8606,203.0,5.91,Низкая
0.0,24.0,0.0,13.0,19.0,1.125,32.0,39.38,0.0,0.0,0.0,0.0,0.0,0.0,36.0,0.8546,314.0,1.59,Низкая
0.0,8.0,5.0,14.0,12.0,1.1034,29.0,21.2,1.0,1.0,0.0,2.0,0.0,0.0,32.0,0.8518,228.0,3.95,Низкая
2.0,50.0,0.0,44.0,0.0,1.1087,46.0,46.93,0.0,1.0,0.0,0.0,0.0,0.0,51.0,0.851,407.0,5.9,Высокая
0.0,12.0,0.0,21.0,1.0,1.1818,22.0,30.7,0.0,0.0,0.0,0.0,0.0,0.0,26.0,0.8426,370.0,5.14,Низкая
1.0,53.0,0.0,47.0,0.0,1.1224,49.0,45.61,0.0,0.0,0.0,0.0,0.0,1.0,55.0,0.8362,799.0,3.88,Низкая
0.0,24.0,0.0,25.0,0.0,1.36,25.0,44.49,0.0,0.0,0.0,0.0,0.0,0.0,34.0,0.832,203.0,4.43,Низкая
0.0,56.0,5.0,54.0,4.0,1.1186,59.0,29.98,0.0,1.0,0.0,0.0,0.0,2.0,66.0,0.83,814.0,4.55,Высокая
0.0,24.0,0.0,18.0,0.0,1.1111,18.0,59.23,0.0,0.0,0.0,0.0,0.0,0.0,20.0,0.8227,100.0,5.0,Низкая
0.0,60.0,3.0,46.0,5.0,1.2308,52.0,32.43,0.0,0.0,0.0,0.0,0.0,0.0,64.0,0.8187,772.0,5.31,Низкая
0.0,12.0,0.0,20.0,1.0,1.1905,21.0,26.83,0.0,0.0,0.0,0.0,0.0,2.0,25.0,0.8178,407.0,3.93,Низкая
0.0,28.0,0.0,21.0,0.0,1.1429,21.0,45.08,0.0,0.0,0.0,0.0,0.0,0.0,24.0,0.8175,255.0,4.31,Низкая
0.0,28.0,0.0,31.0,0.0,1.2258,31.0,48.05,0.0,0.0,0.0,0.0,0.0,0.0,38.0,0.8115,276.0,5.07,Низкая
1.0,13.0,0.0,6.0,1.0,1.25,8.0,59.12,0.0,1.0,0.0,0.0,0.0,0.0,10.0,0.8063,388.0,1.29,Высокая
0.0,0.0,0.0,111.0,1.0,1.1842,114.0,10.37,0.0,0.0,0.0,0.0,0.0,1.0,135.0,0.7969,70.0,2.86,Низкая
0.0,8.0,0.0,10.0,5.0,1.0,15.0,29.95,0.0,0.0,0.0,0.0,0.0,0.0,15.0,0.7963,359.0,2.79,Низкая
0.0,44.0,1.0,41.0,1.0,1.2093,43.0,28.09,0.0,0.0,0.0,0.0,0.0,0.0,52.0,0.7952,813.0,4.18,Низкая
1.0,49.0,0.0,26.0,0.0,1.1852,27.0,31.1,0.0,0.0,0.0,0.0,0.0,0.0,32.0,0.7933,401.0,5.49,Низкая
1.0,49.0,2.0,53.0,0.0,1.2642,53.0,33.29,0.0,0.0,0.0,0.0,0.0,2.0,67.0,0.7868,542.0,4.24,Низкая
0.0,4.0,0.0,10.0,1.0,1.25,12.0,28.63,0.0,0.0,0.0,0.0,0.0,0.0,15.0,0.7849,127.0,6.3,Низкая
0.0,64.0,9.0,71.0,6.0,1.1266,79.0,33.19,0.0,0.0,0.0,0.0,0.0,1.0,89.0,0.7796,728.0,6.59,Низкая
0.0,49.0,0.0,39.0,0.0,1.15,40.0,40.21,0.0,1.0,0.0,0.0,0.0,2.0,46.0,0.7758,876.0,3.2,Высокая
0.0,20.0,0.0,21.0,1.0,1.0909,22.0,57.19,0.0,0.0,0.0,0.0,0.0,0.0,24.0,0.774,111.0,5.41,Низкая
0.0,44.0,10.0,33.0,0.0,1.3824,34.0,24.31,0.0,0.0,0.0,0.0,0.0,0.0,47.0,0.7712,450.0,6.44,Низкая
0.0,68.0,0.0,7.0,28.0,1.1429,35.0,47.17,0.0,0.0,0.0,0.0,0.0,0.0,40.0,0.7704,373.0,4.83,Низкая
0.0,60.0,0.0,49.0,2.0,1.0769,52.0,38.71,0.0,0.0,0.0,0.0,0.0,0.0,56.0,0.7646,812.0,4.8,Низкая
0.0,16.0,0.0,6.0,3.0,1.5,10.0,30.6,0.0,0.0,0.0,0.0,0.0,0.0,15.0,0.7613,97.0,6.19,Низкая
2.0,34.0,0.0,20.0,12.0,1.1515,33.0,26.39,0.0,0.0,0.0,0.0,0.0,0.0,38.0,0.7576,410.0,7.8,Низкая
0.0,4.0,0.0,4.0,0.0,1.25,4.0,42.8,0.0,0.0,0.0,0.0,0.0,1.0,5.0,0.7543,281.0,1.07,Низкая
0.0,84.0,0.0,53.0,8.0,1.129,62.0,32.08,0.0,0.0,0.0,0.0,0.0,1.0,70.0,0.7423,890.0,5.73,Низкая
1.0,33.0,0.0,35.0,0.0,1.0,35.0,63.19,0.0,0.0,0.0,0.0,0.0,0.0,35.0,0.7372,195.0,5.13,Низкая
0.0,8.0,0.0,17.0,3.0,1.4,20.0,18.08,0.0,0.0,0.0,0.0,0.0,0.0,28.0,0.7313,423.0,3.07,Низкая
0.0,4.0,0.0,24.0,1.0,1.08,25.0,60.89,0.0,0.0,0.0,0.0,0.0,0.0,27.0,0.7307,64.0,7.81,Низкая
0.0,16.0,5.0,6.0,6.0,1.1667,12.0,31.31,0.0,0.0,0.0,0.0,0.0,1.0,14.0,0.727,117.0,9.4,Низкая
0.0,12.0,0.0,25.0,1.0,1.0769,26.0,51.06,0.0,0.0,0.0,0.0,0.0,0.0,28.0,0.7268,196.0,3.06,Низкая
0.0,0.0,0.0,7.0,0.0,1.2857,7.0,43.7,0.0,0.0,0.0,0.0,0.0,0.0,9.0,0.7255,410.0,0.73,Низкая
0.0,4.0,0.0,8.0,8.0,1.125,16.0,26.6,0.0,0.0,0.0,0.0,0.0,0.0,18.0,0.7117,258.0,4.65,Низкая
0.0,56.0,5.0,46.0,0.0,1.1739,46.0,30.7,0.0,0.0,0.0,0.0,0.0,0.0,54.0,0.7092,712.0,4.92,Низкая
0.0,12.0,5.0,12.0,2.0,1.2143,14.0,36.01,0.0,0.0,0.0,0.0,0.0,0.0,17.0,0.7006,222.0,4.95,Низкая
0.0,12.0,0.0,16.0,0.0,1.0,16.0,60.56,0.0,0.0,0.0,0.0,0.0,0.0,16.0,0.6971,93.0,4.3,Низкая
0.0,16.0,0.0,25.0,0.0,1.36,25.0,46.9,0.0,0.0,0.0,0.0,0.0,0.0,34.0,0.6954,180.0,5.0,Низкая
1.0,49.0,0.0,34.0,1.0,1.1143,35.0,39.15,0.0,0.0,0.0,0.0,0.0,1.0,39.0,0.6913,417.0,6.0,Низкая
0.0,20.0,0.0,10.0,12.0,1.0435,23.0,32.79,0.0,0.0,0.0,0.0,0.0,0.0,24.0,0.6865,236.0,8.05,Низкая
0.0,36.0,1.0,25.0,5.0,1.1,30.0,45.53,0.0,0.0,0.0,0.0,0.0,-1.0,33.0,0.6844,181.0,9.39,Низкая
0.0,96.0,11.0,49.0,3.0,1.4038,52.0,23.52,0.0,0.0,0.0,0.0,0.0,1.0,73.0,0.6725,728.0,6.04,Низкая
0.0,25.0,0.0,9.0,3.0,1.2143,14.0,52.33,0.0,0.0,0.0,0.0,0.0,0.0,17.0,0.6721,167.0,3.59,Низкая
0.0,56.0,0.0,33.0,0.0,1.3429,35.0,29.41,0.0,0.0,0.0,0.0,0.0,0.0,47.0,0.672,563.0,5.51,Низкая
0.0,12.0,0.0,13.0,2.0,1.0,15.0,56.04,0.0,0.0,0.0,0.0,0.0,0.0,15.0,0.6632,110.0,3.64,Низкая
0.0,24.0,0.0,31.0,0.0,1.0645,31.0,62.76,0.0,0.0,0.0,0.0,0.0,0.0,33.0,0.6501,216.0,5.09,Низкая
1.0,17.0,0.0,6.0,11.0,1.2222,18.0,28.9,0.0,0.0,0.0,0.0,0.0,1.0,22.0,0.6482,448.0,4.46,Низкая
1.0,157.0,3.0,68.0,7.0,1.0779,77.0,30.69,0.0,0.0,0.0,0.0,0.0,1.0,83.0,0.6439,1090.0,5.87,Низкая
0.0,4.0,0.0,8.0,9.0,1.0588,17.0,24.52,0.0,0.0,0.0,0.0,0.0,0.0,18.0,0.6436,92.0,8.7,Низкая
0.0,0.0,0.0,4.0,8.0,1.3333,12.0,21.31,0.0,0.0,0.0,0.0,0.0,0.0,16.0,0.6393,318.0,2.2,Низкая
0.0,4.0,0.0,18.0,18.0,1.0811,37.0,27.83,0.0,2.0,2.0,0.0,0.0,2.0,40.0,0.6371,150.0,8.0,Высокая
0.0,12.0,0.0,12.0,0.0,1.0714,14.0,51.24,0.0,0.0,0.0,0.0,0.0,0.0,15.0,0.634,146.0,2.74,Низкая
0.0,24.0,0.0,21.0,0.0,1.0455,22.0,27.62,0.0,0.0,0.0,0.0,0.0,0.0,23.0,0.6281,411.0,4.14,Низкая
1.0,29.0,0.0,20.0,1.0,1.1429,21.0,58.09,0.0,0.0,0.0,0.0,0.0,0.0,24.0,0.6273,112.0,5.36,Низкая
0.0,32.0,0.0,47.0,1.0,1.0833,48.0,34.14,0.0,0.0,0.0,0.0,0.0,2.0,52.0,0.6263,484.0,3.51,Низкая
1.0,45.0,3.0,42.0,0.0,1.1905,42.0,35.63,0.0,0.0,0.0,0.0,0.0,1.0,50.0,0.6235,559.0,4.47,Низкая
0.0,4.0,0.0,16.0,0.0,1.0625,16.0,60.4,0.0,0.0,0.0,0.0,0.0,0.0,17.0,0.6161,93.0,4.3,Низкая
0.0,16.0,0.0,15.0,0.0,1.2667,15.0,29.38,0.0,0.0,0.0,0.0,0.0,-1.0,19.0,0.6157,334.0,2.99,Низкая
0.0,0.0,0.0,12.0,1.0,1.0714,14.0,38.01,0.0,0.0,0.0,0.0,0.0,0.0,15.0,0.6144,133.0,6.02,Низкая
0.0,4.0,0.0,7.0,4.0,1.2,10.0,19.03,0.0,0.0,0.0,0.0,0.0,0.0,12.0,0.6128,148.0,4.05,Низкая
0.0,16.0,0.0,32.0,0.0,1.3125,32.0,51.9,0.0,0.0,0.0,0.0,0.0,-1.0,42.0,0.6116,270.0,5.56,Низкая
0.0,4.0,0.0,11.0,1.0,1.1667,12.0,29.38,0.0,1.0,0.0,0.0,0.0,1.0,14.0,0.6113,310.0,2.58,Высокая
0.0,12.0,0.0,7.0,1.0,1.2222,9.0,43.85,0.0,0.0,0.0,0.0,0.0,0.0,11.0,0.607,358.0,1.12,Низкая
0.0,8.0,0.0,5.0,4.0,1.3333,9.0,31.22,0.0,0.0,0.0,0.0,0.0,0.0,12.0,0.6047,65.0,4.62,Низкая
0.0,88.0,4.0,38.0,2.0,1.1905,42.0,38.13,0.0,0.0,0.0,0.0,0.0,2.0,50.0,0.5931,750.0,5.2,Низкая
0.0,12.0,0.0,22.0,0.0,1.2273,22.0,50.55,0.0,0.0,0.0,0.0,0.0,0.0,27.0,0.5876,189.0,2.65,Низкая
0.0,16.0,4.0,16.0,1.0,1.2778,18.0,29.79,0.0,0.0,0.0,0.0,0.0,1.0,23.0,0.5862,592.0,2.87,Низкая
0.0,46.0,0.0,27.0,1.0,1.1724,29.0,48.87,0.0,0.0,0.0,2.0,0.0,0.0,34.0,0.5861,465.0,4.95,Низкая
0.0,36.0,0.0,26.0,14.0,1.075,40.0,20.97,0.0,0.0,0.0,0.0,0.0,0.0,43.0,0.586,438.0,3.42,Низкая
0.0,4.0,2.0,11.0,14.0,1.2917,24.0,13.18,0.0,0.0,0.0,0.0,0.0,0.0,31.0,0.5856,170.0,5.88,Низкая
0.0,16.0,0.0,14.0,0.0,1.4118,17.0,36.5,0.0,0.0,0.0,0.0,0.0,0.0,24.0,0.5816,156.0,4.49,Низкая
0.0,0.0,0.0,7.0,5.0,1.0,13.0,45.56,0.0,0.0,0.0,0.0,0.0,0.0,13.0,0.5775,135.0,2.22,Низкая
0.0,20.0,0.0,6.0,6.0,1.1538,13.0,46.66,0.0,0.0,0.0,0.0,0.0,0.0,15.0,0.5735,394.0,1.78,Низкая
0.0,20.0,1.0,21.0,1.0,1.1818,22.0,25.43,0.0,0.0,0.0,0.0,0.0,1.0,26.0,0.5729,430.0,3.26,Низкая
0.0,0.0,0.0,5.0,0.0,2.6,5.0,18.19,0.0,0.0,0.0,0.0,0.0,0.0,13.0,0.5713,1010.0,0.69,Низкая
0.0,12.0,0.0,8.0,0.0,1.1111,9.0,31.73,0.0,0.0,0.0,0.0,0.0,0.0,10.0,0.5676,373.0,1.07,Низкая
0.0,8.0,0.0,13.0,6.0,1.1579,19.0,17.62,0.0,0.0,0.0,0.0,0.0,0.0,22.0,0.5641,173.0,10.4,Низкая
1.0,17.0,5.0,13.0,0.0,1.4615,13.0,53.4,0.0,0.0,0.0,0.0,0.0,2.0,19.0,0.5637,438.0,3.42,Низкая
0.0,32.0,0.0,26.0,0.0,1.3077,26.0,32.97,0.0,0.0,0.0,0.0,0.0,0.0,34.0,0.5636,598.0,3.34,Низкая
0.0,15.0,0.0,8.0,0.0,1.125,8.0,61.91,0.0,0.0,0.0,0.0,0.0,0.0,9.0,0.5634,123.0,1.63,Низкая
0.0,4.0,0.0,8.0,4.0,1.1667,12.0,22.79,0.0,0.0,0.0,0.0,0.0,0.0,14.0,0.561,197.0,4.06,Низкая
0.0,8.0,0.0,17.0,3.0,1.0952,21.0,44.62,0.0,0.0,0.0,0.0,0.0,0.0,23.0,0.5587,163.0,6.75,Низкая
1.0,33.0,0.0,22.0,0.0,1.2727,22.0,29.53,0.0,0.0,0.0,0.0,0.0,1.0,28.0,0.5559,491.0,3.05,Низкая
0.0,8.0,0.0,6.0,14.0,1.3,20.0,27.58,0.0,0.0,0.0,0.0,0.0,0.0,26.0,0.5557,393.0,2.8,Низкая
0.0,28.0,0.0,14.0,0.0,1.2,15.0,35.91,0.0,0.0,0.0,0.0,0.0,0.0,18.0,0.5548,450.0,3.11,Низкая
0.0,19.0,0.0,16.0,3.0,1.1053,19.0,47.08,0.0,0.0,0.0,0.0,0.0,1.0,21.0,0.5493,160.0,6.88,Низкая
0.0,32.0,0.0,28.0,1.0,1.2414,29.0,29.92,0.0,0.0,0.0,0.0,0.0,1.0,36.0,0.5446,476.0,3.36,Низкая
0.0,8.0,0.0,27.0,1.0,1.1429,28.0,20.11,0.0,0.0,0.0,0.0,0.0,1.0,32.0,0.5417,431.0,4.64,Низкая
0.0,12.0,0.0,8.0,0.0,1.2222,9.0,57.46,0.0,0.0,0.0,0.0,0.0,-1.0,11.0,0.5408,84.0,3.57,Низкая
0.0,16.0,0.0,10.0,0.0,1.1818,11.0,28.06,0.0,0.0,0.0,0.0,0.0,0.0,13.0,0.532,112.0,6.25,Низкая
0.0,20.0,0.0,13.0,3.0,1.125,16.0,23.81,0.0,0.0,0.0,0.0,0.0,1.0,18.0,0.5309,402.0,3.23,Низкая
0.0,8.0,0.0,7.0,0.0,1.0,7.0,44.32,0.0,0.0,0.0,0.0,0.0,0.0,7.0,0.5136,178.0,3.37,Низкая
0.0,12.0,0.0,17.0,1.0,1.1667,18.0,36.73,0.0,0.0,0.0,0.0,0.0,0.0,21.0,0.5121,133.0,3.76,Низкая
0.0,0.0,0.0,76.0,6.0,1.1084,83.0,41.28,0.0,0.0,0.0,0.0,0.0,1.0,92.0,0.5063,223.0,4.48,Низкая
0.0,32.0,0.0,12.0,0.0,1.0833,12.0,69.15,0.0,0.0,0.0,0.0,0.0,0.0,13.0,0.4994,188.0,2.13,Низкая
0.0,0.0,1.0,16.0,7.0,1.2609,23.0,13.71,0.0,0.0,0.0,0.0,0.0,0.0,29.0,0.4994,166.0,7.83,Низкая
0.0,0.0,0.0,58.0,2.0,1.1,60.0,13.12,0.0,0.0,0.0,0.0,0.0,0.0,66.0,0.4978,98.0,0.0,Низкая
0.0,12.0,0.0,17.0,0.0,1.1176,17.0,52.85,0.0,0.0,0.0,0.0,0.0,0.0,19.0,0.4881,172.0,4.07,Низкая
1.0,45.0,0.0,39.0,1.0,1.225,40.0,24.77,0.0,0.0,0.0,0.0,0.0,0.0,49.0,0.4855,648.0,4.32,Низкая
0.0,4.0,4.0,13.0,2.0,1.0667,15.0,22.01,0.0,0.0,0.0,0.0,0.0,1.0,16.0,0.4813,169.0,6.51,Низкая
1.0,49.0,0.0,20.0,0.0,1.4,20.0,32.15,0.0,0.0,0.0,0.0,0.0,1.0,28.0,0.4777,521.0,2.69,Низкая
0.0,4.0,0.0,8.0,0.0,1.125,8.0,41.89,0.0,0.0,0.0,0.0,0.0,0.0,9.0,0.4733,133.0,4.51,Низкая
0.0,12.0,0.0,9.0,2.0,1.2727,11.0,35.33,0.0,0.0,0.0,0.0,0.0,0.0,14.0,0.4726,123.0,6.5,Низкая
0.0,32.0,0.0,24.0,1.0,1.2308,26.0,32.36,0.0,0.0,0.0,0.0,0.0,1.0,32.0,0.4718,672.0,3.27,Низкая
0.0,0.0,0.0,9.0,9.0,1.2222,18.0,27.14,0.0,0.0,0.0,0.0,0.0,0.0,22.0,0.4711,370.0,3.78,Низкая
0.0,12.0,0.0,11.0,1.0,1.2857,14.0,33.02,0.0,0.0,0.0,0.0,0.0,0.0,18.0,0.4689,186.0,5.91,Низкая
0.0,60.0,0.0,30.0,0.0,1.2,30.0,30.99,0.0,0.0,0.0,0.0,0.0,0.0,36.0,0.4617,560.0,4.64,Низкая
0.0,36.0,0.0,33.0,2.0,1.0571,35.0,38.36,0.0,0.0,0.0,0.0,0.0,1.0,37.0,0.4613,375.0,2.67,Низкая
0.0,4.0,0.0,2.0,16.0,1.2778,18.0,11.62,0.0,0.0,0.0,0.0,0.0,0.0,23.0,0.4601,144.0,9.72,Низкая
0.0,8.0,0.0,11.0,0.0,1.1818,11.0,33.04,0.0,0.0,0.0,0.0,0.0,0.0,13.0,0.4521,174.0,5.75,Низкая
0.0,52.0,2.0,41.0,0.0,1.1951,41.0,36.47,0.0,0.0,0.0,0.0,0.0,3.0,49.0,0.4518,468.0,4.49,Низкая
0.0,4.0,0.0,6.0,4.0,1.0,11.0,34.04,0.0,0.0,0.0,0.0,0.0,0.0,11.0,0.4514,373.0,1.34,Низкая
0.0,8.0,0.0,10.0,0.0,1.1818,11.0,60.67,0.0,0.0,0.0,0.0,0.0,0.0,13.0,0.4513,108.0,3.7,Низкая
0.0,20.0,0.0,23.0,5.0,1.0357,28.0,20.2,0.0,0.0,0.0,0.0,0.0,0.0,29.0,0.4474,519.0,2.89,Низкая
0.0,28.0,0.0,22.0,1.0,1.1304,23.0,40.48,0.0,0.0,0.0,0.0,0.0,0.0,26.0,0.4474,700.0,2.86,Низкая
0.0,0.0,0.0,7.0,1.0,1.25,8.0,22.83,0.0,0.0,0.0,0.0,0.0,0.0,10.0,0.447,129.0,6.2,Низкая
0.0,24.0,5.0,18.0,0.0,1.4444,18.0,30.92,0.0,0.0,0.0,0.0,0.0,1.0,26.0,0.4466,485.0,4.33,Низкая
0.0,20.0,0.0,18.0,0.0,1.2778,18.0,25.04,0.0,0.0,0.0,0.0,0.0,0.0,23.0,0.4464,361.0,4.71,Низкая
0.0,20.0,0.0,12.0,0.0,1.0833,12.0,46.63,0.0,0.0,0.0,0.0,0.0,0.0,13.0,0.4462,329.0,2.43,Низкая
0.0,0.0,0.0,9.0,1.0,1.0,10.0,47.08,0.0,0.0,0.0,0.0,0.0,0.0,10.0,0.4446,415.0,0.96,Низкая
0.0,4.0,0.0,5.0,0.0,1.0,5.0,46.47,0.0,0.0,0.0,0.0,0.0,1.0,5.0,0.4408,284.0,1.76,Низкая
0.0,16.0,0.0,14.0,5.0,1.1,20.0,28.6,0.0,0.0,0.0,0.0,0.0,1.0,22.0,0.4387,389.0,2.31,Низкая
0.0,12.0,0.0,9.0,1.0,1.0,10.0,27.4,0.0,0.0,0.0,0.0,0.0,-1.0,10.0,0.4384,315.0,2.54,Низкая
0.0,12.0,0.0,6.0,0.0,1.0,7.0,74.04,0.0,0.0,0.0,0.0,0.0,0.0,7.0,0.4334,108.0,1.85,Низкая
0.0,0.0,0.0,12.0,1.0,1.1538,13.0,54.53,0.0,0.0,0.0,0.0,0.0,1.0,15.0,0.4272,435.0,2.3,Низкая
0.0,0.0,0.0,6.0,3.0,1.3333,9.0,21.21,0.0,0.0,0.0,0.0,0.0,0.0,12.0,0.4235,909.0,0.66,Низкая
0.0,24.0,0.0,14.0,0.0,1.5,14.0,35.36,0.0,0.0,0.0,0.0,0.0,0.0,21.0,0.4187,421.0,3.09,Низкая
0.0,0.0,0.0,24.0,5.0,1.1034,29.0,10.42,0.0,0.0,0.0,0.0,0.0,0.0,32.0,0.4139,1644.0,1.58,Низкая
0.0,0.0,0.0,11.0,3.0,1.2857,14.0,24.54,0.0,0.0,0.0,0.0,0.0,0.0,18.0,0.4136,746.0,0.4,Низкая
0.0,0.0,0.0,5.0,0.0,1.2,5.0,26.37,0.0,0.0,0.0,0.0,0.0,0.0,6.0,0.4127,369.0,1.36,Низкая
0.0,8.0,0.0,6.0,1.0,1.125,8.0,31.08,0.0,0.0,0.0,0.0,0.0,0.0,9.0,0.4118,379.0,1.06,Низкая
1.0,13.0,0.0,9.0,2.0,1.0,11.0,32.39,0.0,0.0,0.0,0.0,0.0,0.0,11.0,0.4098,287.0,1.74,Низкая
0.0,4.0,0.0,6.0,0.0,1.1429,7.0,28.03,0.0,0.0,0.0,0.0,0.0,0.0,8.0,0.408,375.0,1.33,Низкая
0.0,20.0,0.0,12.0,2.0,1.3571,14.0,32.48,0.0,0.0,0.0,0.0,0.0,0.0,19.0,0.4045,225.0,5.78,Низкая
0.0,28.0,0.0,21.0,2.0,1.08,25.0,47.22,0.0,1.0,0.0,0.0,0.0,1.0,27.0,0.4037,659.0,2.88,Высокая
0.0,40.0,0.0,29.0,0.0,1.1724,29.0,33.35,0.0,0.0,0.0,0.0,0.0,1.0,34.0,0.4031,533.0,3.38,Низкая
0.0,20.0,0.0,11.0,2.0,1.3077,13.0,47.24,0.0,0.0,0.0,1.0,1.0,0.0,17.0,0.4016,520.0,1.73,Низкая
0.0,20.0,0.0,11.0,1.0,1.0769,13.0,32.0,0.0,0.0,0.0,0.0,0.0,0.0,14.0,0.4007,387.0,1.81,Низкая
0.0,8.0,0.0,23.0,0.0,1.0,23.0,47.1,0.0,0.0,0.0,0.0,0.0,0.0,23.0,0.4002,210.0,1.9,Низкая
1.0,53.0,2.0,25.0,1.0,1.0714,28.0,34.53,0.0,0.0,0.0,0.0,0.0,0.0,30.0,0.4,455.0,5.71,Низкая
0.0,8.0,0.0,7.0,1.0,1.375,8.0,22.18,0.0,0.0,0.0,0.0,0.0,1.0,11.0,0.3999,320.0,1.56,Низкая
0.0,4.0,0.0,5.0,0.0,1.0,5.0,38.67,0.0,0.0,0.0,0.0,0.0,0.0,5.0,0.3953,302.0,0.99,Низкая
0.0,44.0,2.0,34.0,2.0,1.0833,36.0,26.57,0.0,0.0,0.0,0.0,0.0,0.0,39.0,0.3943,499.0,4.61,Низкая
0.0,20.0,0.0,14.0,0.0,1.1333,15.0,51.97,0.0,0.0,0.0,0.0,0.0,0.0,17.0,0.3878,185.0,4.32,Низкая
0.0,36.0,0.0,28.0,4.0,1.0938,32.0,34.14,0.0,0.0,0.0,0.0,0.0,1.0,35.0,0.385,503.0,5.57,Низкая
0.0,4.0,6.0,3.0,0.0,1.6667,3.0,40.36,0.0,0.0,0.0,0.0,0.0,0.0,5.0,0.375,43.0,4.65,Низкая
0.0,8.0,0.0,10.0,0.0,1.3,10.0,45.48,0.0,0.0,0.0,0.0,0.0,0.0,13.0,0.3745,122.0,7.38,Низкая
0.0,4.0,0.0,2.0,8.0,1.5,10.0,18.28,0.0,0.0,0.0,0.0,0.0,0.0,15.0,0.3717,51.0,1.96,Низкая
0.0,60.0,0.0,24.0,5.0,1.1333,30.0,36.66,0.0,0.0,0.0,0.0,0.0,0.0,34.0,0.3704,397.0,4.53,Низкая
0.0,44.0,3.0,16.0,8.0,1.08,25.0,46.05,0.0,0.0,0.0,0.0,0.0,1.0,27.0,0.3695,246.0,6.91,Низкая
0.0,56.0,0.0,27.0,1.0,1.2963,27.0,29.81,0.0,0.0,0.0,0.0,0.0,0.0,35.0,0.3681,328.0,6.71,Низкая
0.0,20.0,0.0,9.0,0.0,1.0,10.0,49.73,0.0,0.0,0.0,0.0,0.0,0.0,10.0,0.3674,410.0,0.98,Низкая
0.0,0.0,3.0,10.0,2.0,1.0833,12.0,21.49,0.0,0.0,0.0,0.0,0.0,0.0,13.0,0.3655,305.0,2.95,Низкая
0.0,8.0,0.0,14.0,0.0,1.0,14.0,62.71,0.0,0.0,0.0,0.0,0.0,0.0,14.0,0.3634,49.0,4.08,Низкая
0.0,20.0,1.0,12.0,0.0,1.3077,13.0,32.45,0.0,0.0,0.0,0.0,0.0,0.0,17.0,0.3617,159.0,6.29,Низкая
0.0,32.0,2.0,12.0,0.0,1.3333,12.0,40.53,0.0,0.0,0.0,0.0,0.0,0.0,16.0,0.3603,147.0,5.44,Низкая
0.0,16.0,0.0,20.0,0.0,1.1905,21.0,28.95,0.0,0.0,0.0,0.0,0.0,0.0,25.0,0.3598,513.0,3.51,Низкая
0.0,0.0,0.0,7.0,1.0,1.25,8.0,19.72,0.0,0.0,0.0,0.0,0.0,0.0,10.0,0.3582,798.0,0.5,Низкая
0.0,40.0,7.0,22.0,0.0,1.1818,22.0,36.94,0.0,0.0,0.0,0.0,0.0,1.0,26.0,0.3521,592.0,2.2,Низкая
0.0,24.0,0.0,17.0,1.0,1.1579,19.0,42.37,0.0,0.0,0.0,0.0,0.0,0.0,22.0,0.3521,148.0,4.05,Низкая
0.0,20.0,0.0,13.0,0.0,1.0769,13.0,35.77,0.0,0.0,0.0,0.0,0.0,1.0,14.0,0.3519,509.0,1.77,Низкая
0.0,4.0,0.0,6.0,0.0,1.0,7.0,74.57,0.0,0.0,0.0,0.0,0.0,0.0,7.0,0.3509,110.0,0.91,Низкая
0.0,1.0,0.0,6.0,6.0,1.25,12.0,11.35,0.0,0.0,0.0,0.0,1.0,1.0,15.0,0.3506,163.0,4.91,Низкая
0.0,4.0,0.0,13.0,0.0,1.1429,14.0,45.75,0.0,0.0,0.0,0.0,0.0,0.0,16.0,0.3497,194.0,3.09,Низкая
0.0,32.0,2.0,25.0,0.0,1.1923,26.0,24.6,0.0,0.0,0.0,0.0,0.0,1.0,31.0,0.3475,354.0,6.21,Низкая
0.0,8.0,0.0,5.0,0.0,2.0,5.0,40.51,0.0,0.0,0.0,1.0,0.0,0.0,10.0,0.3466,154.0,4.55,Низкая
0.0,24.0,0.0,32.0,0.0,1.1875,32.0,25.98,0.0,0.0,0.0,0.0,0.0,0.0,38.0,0.3456,488.0,3.89,Низкая
0.0,8.0,0.0,9.0,6.0,1.1333,15.0,41.47,0.0,0.0,0.0,0.0,0.0,0.0,17.0,0.3447,351.0,3.7,Низкая
0.0,12.0,0.0,15.0,2.0,1.1765,17.0,42.73,0.0,0.0,0.0,0.0,0.0,0.0,20.0,0.3419,178.0,3.93,Низкая
0.0,20.0,0.0,14.0,1.0,1.3333,15.0,16.2,0.0,0.0,0.0,0.0,0.0,0.0,20.0,0.3412,333.0,2.7,Низкая
0.0,0.0,0.0,6.0,2.0,1.25,8.0,21.22,0.0,0.0,0.0,0.0,0.0,0.0,10.0,0.3407,130.0,5.38,Низкая
0.0,16.0,0.0,8.0,2.0,1.0,9.0,30.57,0.0,1.0,0.0,0.0,0.0,1.0,9.0,0.34,340.0,2.06,Высокая
0.0,16.0,0.0,18.0,0.0,1.1111,18.0,24.38,0.0,0.0,0.0,0.0,0.0,0.0,20.0,0.34,403.0,2.48,Низкая
0.0,20.0,0.0,6.0,2.0,1.3333,9.0,39.46,0.0,0.0,0.0,0.0,0.0,1.0,12.0,0.3354,152.0,2.63,Низкая
0.0,24.0,0.0,21.0,2.0,1.2174,23.0,29.28,0.0,0.0,0.0,0.0,0.0,2.0,28.0,0.3347,407.0,5.65,Низкая
0.0,32.0,0.0,25.0,1.0,1.2593,27.0,28.83,0.0,0.0,0.0,0.0,0.0,0.0,34.0,0.3322,527.0,4.36,Низкая
0.0,12.0,0.0,13.0,2.0,1.2667,15.0,13.84,0.0,0.0,0.0,0.0,0.0,1.0,19.0,0.3272,373.0,3.49,Низкая
0.0,16.0,0.0,4.0,0.0,1.75,4.0,46.73,0.0,0.0,0.0,0.0,0.0,0.0,7.0,0.3262,67.0,1.49,Низкая
0.0,0.0,0.0,5.0,0.0,1.0,5.0,56.39,0.0,0.0,0.0,0.0,0.0,0.0,5.0,0.3258,416.0,0.48,Низкая
1.0,37.0,0.0,22.0,0.0,1.1818,22.0,32.81,0.0,0.0,0.0,0.0,0.0,0.0,26.0,0.3175,560.0,3.21,Низкая
0.0,8.0,0.0,4.0,0.0,1.25,4.0,43.26,0.0,0.0,0.0,0.0,0.0,0.0,5.0,0.3148,66.0,6.06,Низкая
0.0,20.0,0.0,13.0,0.0,1.2308,13.0,28.36,0.0,0.0,0.0,0.0,0.0,0.0,16.0,0.3139,404.0,2.48,Низкая
0.0,45.0,2.0,22.0,9.0,1.129,31.0,25.25,0.0,0.0,0.0,0.0,0.0,0.0,35.0,0.3094,579.0,3.11,Низкая
1.0,29.0,0.0,20.0,0.0,1.0,20.0,52.99,0.0,0.0,0.0,0.0,0.0,0.0,20.0,0.3091,186.0,2.69,Низкая
0.0,8.0,0.0,13.0,5.0,1.0,18.0,19.55,0.0,0.0,0.0,0.0,0.0,0.0,18.0,0.3089,475.0,1.26,Низкая
0.0,0.0,0.0,11.0,0.0,1.2727,11.0,17.27,0.0,0.0,0.0,0.0,0.0,0.0,14.0,0.3083,760.0,1.32,Низкая
0.0,28.0,0.0,14.0,1.0,1.2,15.0,30.65,0.0,0.0,0.0,0.0,0.0,0.0,18.0,0.3065,419.0,1.91,Низкая
0.0,16.0,0.0,9.0,0.0,1.3333,9.0,41.48,0.0,0.0,0.0,0.0,0.0,1.0,12.0,0.3056,437.0,1.6,Низкая
0.0,4.0,0.0,3.0,5.0,1.25,8.0,20.91,0.0,0.0,0.0,2.0,0.0,0.0,10.0,0.305,145.0,4.14,Низкая
1.0,45.0,2.0,24.0,0.0,1.125,24.0,38.94,0.0,0.0,0.0,0.0,0.0,0.0,27.0,0.3038,251.0,9.16,Низкая
0.0,16.0,5.0,20.0,2.0,1.3043,23.0,30.3,0.0,0.0,0.0,0.0,0.0,0.0,30.0,0.303,511.0,3.72,Низкая
0.0,4.0,5.0,9.0,1.0,1.2,10.0,29.67,0.0,0.0,0.0,0.0,0.0,0.0,12.0,0.3026,208.0,3.85,Низкая
